,Decision Tree,Random Forest
age,0.0,0.006975762546077295
al,0.0,0.044321867056347164
ane,0.0,0.0027366846594154446
appet,0.011462204642567723,0.010938700489871087
ba,0.0,0.00030503245912386306
bgr,0.0,0.021879223512866915
bp,0.0,0.005966150009829711
bu,0.0,0.023301735642388785
cad,0.0,0.0005279666138759772
dm,0.0,0.040566007762428136
hemo,0.6617881476021749,0.21979601295286816
htn,0.05588565293308349,0.06049576864343992
pc,1.168461349627911e-16,0.008322176776212909
pcc,4.4007071596157085e-16,0.000374624704867499
pcv,0.0,0.15482204473860012
pe,0.0,0.0051524872592258195
pot,1.5256318724418363e-16,0.006207602815069979
rbc,0.0,0.0024942959888148786
rc,0.0,0.0987428770834123
sc,0.05763908369041031,0.13682171155402395
sg,0.21322491113176284,0.11821759924525804
sod,0.0,0.012002972829062552
su,0.0,0.009809389407765021
wc,0.0,0.00922130524915441
