Feature,Coefficient,Odds Ratio,Direction
appet_poor,3.0642714928993335,21.418852515920687,higher odds of CKD
htn_yes,3.064239978008971,21.418177513768317,higher odds of CKD
sg,-2.8787879460805876,0.05620284244318611,lower odds of CKD
hemo,-2.7848553001372043,0.06173802186794664,lower odds of CKD
dm_yes,2.7431279517474114,15.535503480457376,higher odds of CKD
pcv,-2.410622565173267,0.08975939609984679,lower odds of CKD
sc,2.0984599637398755,8.153603393726977,higher odds of CKD
al,1.8918531827724865,6.631646954475999,higher odds of CKD
rc,-1.3963839638320081,0.24749028164329845,lower odds of CKD
bgr,1.3515947638678727,3.8635821214057215,higher odds of CKD
su,1.1585689630023328,3.185371628299841,higher odds of CKD
pe_yes,1.0392393904368726,2.8270659030159138,higher odds of CKD
bp,0.7774876895878351,2.175998608653291,higher odds of CKD
ane_yes,0.7135805232737891,2.041287065295331,higher odds of CKD
pc_normal,0.6178291618046331,1.854896986817817,higher odds of CKD
sod,0.6058763071115948,1.8328576515472175,higher odds of CKD
rbc_normal,0.5998261011729402,1.8218019636179275,higher odds of CKD
wc,-0.594301974429832,0.551947705045212,lower odds of CKD
bu,0.5272186741699741,1.6942135894947277,higher odds of CKD
age,-0.411781383038122,0.6624690872016409,lower odds of CKD
pcc_present,0.3433916850017941,1.4097208203049298,higher odds of CKD
pot,-0.2257112018070035,0.797948514481757,lower odds of CKD
ba_present,0.0782942253131829,1.0814407991231116,higher odds of CKD
cad_yes,-0.0009752293924187253,0.9990252459892173,lower odds of CKD
