Model,Threshold,Precision,Recall,FP,FN
Logistic Regression,0.1,0.9803921568627451,1.0,4,0
Logistic Regression,0.25,0.9803921568627451,1.0,4,0
Logistic Regression,0.5,0.9950248756218906,1.0,1,0
Logistic Regression,0.75,1.0,0.97,0,6
Logistic Regression,0.9,1.0,0.93,0,14
Decision Tree,0.1,0.9801980198019802,0.99,4,2
Decision Tree,0.25,0.9801980198019802,0.99,4,2
Decision Tree,0.5,0.9801980198019802,0.99,4,2
Decision Tree,0.75,0.9801980198019802,0.99,4,2
Decision Tree,0.9,0.9801980198019802,0.99,4,2
Random Forest,0.1,0.9302325581395349,1.0,15,0
Random Forest,0.25,0.9852216748768473,1.0,3,0
Random Forest,0.5,0.9900990099009901,1.0,2,0
Random Forest,0.75,1.0,0.97,0,6
Random Forest,0.9,1.0,0.88,0,24
